uni,sentiment,t_count,cost_of_living,first_date,last_date
1,-0.0005,0.0441,92.0,2024-11-04 13:41:57+00:00,2024-11-24 19:25:55+00:00
2,0.0278,0.0154,111.0,2024-11-04 16:27:03+00:00,2024-12-03 19:04:34+00:00
3,0.0335,0.0343,112.0,2024-11-04 05:02:23+00:00,2024-12-03 02:36:19+00:00
4,0.1259,0.0337,108.0,2024-11-04 07:42:30+00:00,2024-12-04 00:34:33+00:00
5,0.0344,0.0,84.0,2024-11-04 18:37:46+00:00,2024-12-03 08:08:59+00:00
6,0.053,0.0602,,2024-11-04 05:34:38+00:00,2024-12-04 02:48:28+00:00
7,0.0395,0.0208,92.0,2024-11-04 04:55:11+00:00,2024-12-04 01:03:18+00:00
8,0.073,0.0208,166.0,2024-11-04 17:55:59+00:00,2024-12-03 20:33:14+00:00
9,0.0469,0.0467,,2024-11-04 15:15:16+00:00,2024-12-02 15:25:29+00:00
10,0.0418,0.0,,2024-11-04 19:29:11+00:00,2024-12-04 01:44:32+00:00
11,-0.0009,0.0428,166.0,2024-11-04 04:47:38+00:00,2024-12-02 19:52:31+00:00
12,0.0647,0.0,97.0,2024-11-05 17:16:10+00:00,2024-12-02 20:40:23+00:00
13,0.0565,0.0,166.0,2024-11-07 18:01:03+00:00,2024-12-01 05:44:42+00:00
14,0.0667,0.0588,112.0,2024-11-04 16:18:00+00:00,2024-11-22 16:59:21+00:00
15,0.034,0.0722,122.0,2024-11-04 16:56:43+00:00,2024-12-04 03:49:53+00:00
16,0.0091,0.1829,91.0,2024-11-04 05:20:01+00:00,2024-12-02 23:35:14+00:00
17,0.0818,0.0,125.0,2024-11-05 03:12:06+00:00,2024-11-24 06:58:18+00:00
18,0.0828,0.1071,111.0,2024-11-04 21:00:31+00:00,2024-11-21 05:26:46+00:00
19,0.0029,0.0355,139.0,2024-11-04 06:28:07+00:00,2024-12-01 00:09:41+00:00
20,-0.0072,0.0455,171.0,2024-11-04 11:20:17+00:00,2024-11-30 01:18:34+00:00
21,0.0527,0.0,129.0,2024-11-04 04:31:41+00:00,2024-12-04 03:20:12+00:00
22,0.0316,0.0,173.0,2024-11-04 04:43:46+00:00,2024-12-01 13:47:27+00:00
23,0.0102,0.0161,170.0,2024-11-04 04:47:33+00:00,2024-12-02 20:16:27+00:00
24,-0.0093,0.0148,157.0,2024-11-04 05:03:35+00:00,2024-12-03 06:47:58+00:00
25,0.0634,0.0119,172.0,2024-11-04 05:54:05+00:00,2024-11-26 20:16:28+00:00
26,0.0348,0.0162,132.0,2024-11-04 04:23:22+00:00,2024-12-02 23:45:19+00:00
27,-0.0208,0.0,119.0,2024-11-04 16:08:15+00:00,2024-11-16 02:10:14+00:00
28,0.0292,0.0385,163.0,2024-11-07 19:28:51+00:00,2024-12-04 02:14:31+00:00
29,0.0495,0.0,116.0,2024-11-04 16:34:45+00:00,2024-12-04 02:32:22+00:00
30,0.0235,0.0472,92.0,2024-11-04 16:06:43+00:00,2024-12-04 03:47:24+00:00
31,0.0281,0.0366,95.0,2024-11-04 12:26:25+00:00,2024-11-30 21:09:50+00:00
32,0.0173,0.1286,83.0,2024-11-04 05:20:05+00:00,2024-12-04 03:59:19+00:00
33,0.0528,0.0,89.0,2024-11-04 15:04:26+00:00,2024-12-04 01:01:42+00:00
34,0.0213,0.0437,,2024-11-04 06:56:18+00:00,2024-12-02 17:57:09+00:00
35,0.0323,0.0306,108.0,2024-11-04 16:54:10+00:00,2024-12-03 17:37:44+00:00
36,0.1298,0.0303,146.0,2024-11-06 16:28:02+00:00,2024-12-02 01:31:46+00:00
37,0.0505,0.0,127.0,2024-11-06 18:59:17+00:00,2024-12-02 00:09:44+00:00
38,0.0121,0.0153,,2024-11-04 04:33:18+00:00,2024-12-03 19:30:49+00:00
39,0.006,0.0556,95.0,2024-11-04 20:43:33+00:00,2024-12-02 21:22:28+00:00
40,0.0255,0.0199,113.0,2024-11-04 05:13:13+00:00,2024-12-01 19:09:34+00:00
41,0.0587,0.0889,91.0,2024-11-04 19:37:08+00:00,2024-11-26 17:24:30+00:00
42,0.0085,0.0238,154.0,2024-11-04 05:56:58+00:00,2024-12-03 22:06:52+00:00
43,0.0263,0.0455,114.0,2024-11-04 20:25:07+00:00,2024-11-27 20:06:41+00:00
44,-0.0161,0.0308,102.0,2024-11-04 04:28:02+00:00,2024-11-26 21:58:57+00:00
45,0.0267,0.0,105.0,2024-11-04 14:19:26+00:00,2024-11-19 22:02:01+00:00
46,0.0257,0.0286,123.0,2024-11-04 07:42:19+00:00,2024-12-03 21:35:32+00:00
47,0.0613,0.0448,159.0,2024-11-04 16:20:30+00:00,2024-11-21 16:57:59+00:00
48,0.0164,0.0484,93.0,2024-11-05 14:11:31+00:00,2024-12-04 02:50:48+00:00
49,0.135,0.0545,144.0,2024-11-04 06:27:08+00:00,2024-12-03 23:43:27+00:00
50,0.0247,0.0417,,2024-11-07 20:36:57+00:00,2024-12-03 20:49:34+00:00
51,0.0365,0.0166,113.0,2024-11-04 13:48:45+00:00,2024-11-29 08:07:14+00:00
52,0.0266,0.0354,101.0,2024-11-04 05:09:50+00:00,2024-12-04 03:16:34+00:00
53,0.1163,0.0179,,2024-11-04 05:19:33+00:00,2024-11-21 06:57:18+00:00
54,-0.1679,0.0833,135.0,2024-11-04 15:10:55+00:00,2024-11-14 18:39:29+00:00
55,0.0174,0.0307,159.0,2024-11-04 04:17:22+00:00,2024-12-02 01:21:10+00:00
56,0.0578,0.06,116.0,2024-11-04 05:13:21+00:00,2024-12-04 03:24:31+00:00
57,0.0661,0.0,89.0,2024-11-05 23:15:25+00:00,2024-12-04 02:30:24+00:00
58,-0.0001,0.0416,116.0,2024-11-04 04:31:53+00:00,2024-12-03 04:47:21+00:00
59,0.0591,0.0,105.0,2024-11-04 18:18:48+00:00,2024-11-27 22:39:54+00:00
60,0.0047,0.0625,100.0,2024-11-04 06:36:44+00:00,2024-12-03 23:12:34+00:00
61,0.0679,0.0,201.0,2024-11-04 14:59:59+00:00,2024-11-14 00:48:16+00:00
62,0.0335,0.0174,114.0,2024-11-04 18:19:05+00:00,2024-12-04 02:36:32+00:00
63,-0.0291,0.0,128.0,2024-11-04 07:22:33+00:00,2024-12-04 04:05:19+00:00
64,0.0095,0.04,,2024-11-04 14:36:44+00:00,2024-12-04 00:35:24+00:00
65,0.0851,0.0769,114.0,2024-11-06 00:28:20+00:00,2024-12-03 07:07:12+00:00
66,0.0102,0.0,99.0,2024-11-08 01:18:38+00:00,2024-12-02 18:02:12+00:00
67,0.0063,0.0303,103.0,2024-11-04 16:31:29+00:00,2024-12-04 00:45:07+00:00
68,0.0232,0.0444,103.0,2024-11-04 04:44:29+00:00,2024-11-29 03:36:36+00:00
69,0.0929,0.0556,104.0,2024-11-04 14:36:09+00:00,2024-12-04 02:07:18+00:00
70,0.0426,0.0,102.0,2024-11-04 05:12:28+00:00,2024-11-27 01:32:29+00:00
71,0.0851,0.0,101.0,2024-11-07 03:00:03+00:00,2024-11-27 20:19:03+00:00
72,0.0103,0.0701,104.0,2024-11-04 05:10:32+00:00,2024-12-02 16:34:40+00:00
73,0.0549,0.0263,92.0,2024-11-04 14:27:14+00:00,2024-12-03 23:43:47+00:00
74,-0.033,0.0,76.0,2024-11-06 23:36:27+00:00,2024-12-03 06:05:04+00:00
75,0.016,0.0376,136.0,2024-11-04 06:02:45+00:00,2024-12-03 19:02:49+00:00
76,0.0457,0.0227,103.0,2024-11-05 01:42:53+00:00,2024-12-04 00:06:56+00:00
77,0.0239,0.0667,95.0,2024-11-04 18:17:29+00:00,2024-12-03 20:13:06+00:00
78,0.0503,0.0204,97.0,2024-11-04 04:26:34+00:00,2024-12-04 03:38:11+00:00
79,0.0374,0.1364,172.0,2024-11-05 16:45:35+00:00,2024-12-04 03:32:23+00:00
80,-0.0433,0.1042,90.0,2024-11-04 05:05:25+00:00,2024-11-26 01:39:24+00:00
81,-0.0117,0.0,93.0,2024-11-04 21:42:57+00:00,2024-12-03 22:05:15+00:00
82,0.0204,0.0,201.0,2024-11-04 17:48:01+00:00,2024-11-23 21:07:12+00:00
83,-0.0045,0.1748,97.0,2024-11-04 04:23:31+00:00,2024-12-03 20:48:19+00:00
84,-0.0356,0.0357,95.0,2024-11-04 15:23:22+00:00,2024-12-04 01:03:38+00:00
85,0.0235,0.0108,97.0,2024-11-04 06:03:34+00:00,2024-12-02 18:13:24+00:00
86,-0.0427,0.0526,93.0,2024-11-04 20:28:39+00:00,2024-12-03 20:09:39+00:00
87,0.1124,0.0417,107.0,2024-11-04 16:14:16+00:00,2024-11-13 16:00:58+00:00
88,0.1647,0.0,89.0,2024-11-05 00:23:04+00:00,2024-11-09 14:58:29+00:00
89,0.0469,0.0,89.0,2024-11-04 19:39:30+00:00,2024-12-04 02:41:01+00:00
90,0.0747,0.0476,97.0,2024-11-04 13:46:24+00:00,2024-12-04 03:21:10+00:00
91,0.1209,0.0,134.0,2024-11-04 23:56:23+00:00,2024-12-02 01:26:06+00:00
92,-0.0077,0.0696,93.0,2024-11-04 17:28:56+00:00,2024-12-04 02:28:17+00:00
93,0.0525,0.078,114.0,2024-11-04 16:58:55+00:00,2024-11-28 16:44:09+00:00
94,0.0267,0.0344,,2024-11-04 06:00:44+00:00,2024-12-04 04:05:17+00:00
95,0.035,0.023,166.0,2024-11-04 05:13:02+00:00,2024-12-03 01:48:55+00:00
96,-0.0069,0.1385,90.0,2024-11-04 08:13:17+00:00,2024-12-04 03:42:53+00:00
97,0.0249,0.0154,129.0,2024-11-04 18:36:12+00:00,2024-12-03 20:29:31+00:00
98,0.0017,0.0385,93.0,2024-11-04 22:09:00+00:00,2024-12-01 21:51:24+00:00
99,0.0495,0.0316,133.0,2024-11-04 05:56:49+00:00,2024-11-30 09:46:21+00:00
100,0.0263,0.0714,111.0,2024-11-04 23:09:48+00:00,2024-12-04 03:18:15+00:00
101,0.0074,0.0536,94.0,2024-11-04 04:38:20+00:00,2024-12-04 00:22:32+00:00
102,0.0504,0.0,97.0,2024-11-07 13:56:10+00:00,2024-11-30 16:40:28+00:00
103,-0.039,0.0278,90.0,2024-11-06 02:22:24+00:00,2024-12-03 20:37:31+00:00
104,0.021,0.0227,105.0,2024-11-04 17:30:14+00:00,2024-12-04 01:46:33+00:00
105,0.0274,0.0272,125.0,2024-11-04 05:02:34+00:00,2024-11-28 01:00:38+00:00
106,0.07,0.0312,,2024-11-04 05:07:10+00:00,2024-12-02 23:57:46+00:00
107,0.1014,0.0,138.0,2024-11-04 05:58:36+00:00,2024-11-18 22:55:33+00:00
108,0.0068,0.0,191.0,2024-11-06 04:48:11+00:00,2024-12-04 04:14:27+00:00
109,-0.0033,0.0796,105.0,2024-11-04 12:06:54+00:00,2024-12-04 02:32:00+00:00
110,0.0211,0.0973,88.0,2024-11-05 00:30:17+00:00,2024-12-02 04:13:16+00:00
111,0.0388,0.0161,98.0,2024-11-04 17:44:49+00:00,2024-11-22 22:43:40+00:00
112,0.1179,0.0,101.0,2024-11-04 20:47:25+00:00,2024-12-02 22:49:31+00:00
113,0.0546,0.0108,,2024-11-04 08:59:17+00:00,2024-12-04 03:40:08+00:00
114,-0.2041,0.0,88.0,2024-11-05 18:51:01+00:00,2024-12-02 21:58:17+00:00
115,0.0161,0.0152,110.0,2024-11-04 16:00:05+00:00,2024-12-03 22:20:38+00:00
116,0.0152,0.0484,120.0,2024-11-13 23:52:52+00:00,2024-12-03 21:21:41+00:00
117,0.0302,0.0833,94.0,2024-11-05 12:17:45+00:00,2024-12-02 17:58:15+00:00
118,0.021,0.0,233.0,2024-11-04 06:31:08+00:00,2024-11-10 11:23:43+00:00
119,0.0093,0.0299,168.0,2024-11-04 08:44:21+00:00,2024-12-01 12:56:04+00:00
120,0.0126,0.0152,237.0,2024-11-04 21:24:39+00:00,2024-12-04 01:14:07+00:00
121,0.0146,0.015,208.0,2024-11-04 04:37:32+00:00,2024-12-01 21:39:53+00:00
122,0.0565,0.0494,97.0,2024-11-04 14:26:01+00:00,2024-11-26 21:16:34+00:00
123,0.0477,0.0352,114.0,2024-11-04 07:43:27+00:00,2024-12-02 05:33:36+00:00
124,0.0854,0.0202,114.0,2024-11-04 16:39:56+00:00,2024-12-01 16:03:58+00:00
125,0.0111,0.071,122.0,2024-11-04 05:04:24+00:00,2024-12-03 02:00:50+00:00
126,0.0115,0.0348,93.0,2024-11-04 06:22:54+00:00,2024-11-29 23:29:06+00:00
127,0.1426,0.0238,247.0,2024-11-04 18:48:29+00:00,2024-12-04 00:19:49+00:00
128,-0.0086,0.0,325.0,2024-11-04 08:47:35+00:00,2024-11-25 16:51:24+00:00
129,0.0675,0.0769,192.0,2024-11-04 17:13:46+00:00,2024-12-03 03:45:57+00:00
130,0.0048,0.052,152.0,2024-11-05 23:34:20+00:00,2024-12-03 17:10:46+00:00
131,0.0383,0.0,90.0,2024-11-04 05:17:17+00:00,2024-12-04 01:10:29+00:00
132,0.0595,0.046,102.0,2024-11-04 14:09:46+00:00,2024-12-04 03:50:44+00:00
133,0.0245,0.024,105.0,2024-11-08 17:12:11+00:00,2024-12-03 01:51:39+00:00
134,0.0416,0.0909,105.0,2024-11-05 20:20:48+00:00,2024-12-03 23:13:51+00:00
135,0.03,0.0355,98.0,2024-11-04 14:33:51+00:00,2024-11-28 00:27:48+00:00
136,0.0366,0.0615,92.0,2024-11-04 04:25:20+00:00,2024-12-01 00:26:26+00:00
137,0.0833,0.0244,119.0,2024-11-04 04:45:16+00:00,2024-12-04 01:37:32+00:00
138,0.1515,0.0,128.0,2024-11-05 05:20:00+00:00,2024-11-24 02:24:05+00:00
139,0.0906,0.0,129.0,2024-11-04 14:48:52+00:00,2024-12-04 03:43:15+00:00
140,0.056,0.0909,92.0,2024-11-04 16:30:21+00:00,2024-11-25 18:59:21+00:00
141,0.07,0.0,165.0,2024-11-04 05:47:12+00:00,2024-11-14 21:03:06+00:00
142,0.0699,0.0417,106.0,2024-11-05 02:24:27+00:00,2024-11-20 16:46:41+00:00
143,0.0252,0.0448,134.0,2024-11-04 06:09:56+00:00,2024-12-04 02:46:01+00:00
144,0.0598,0.0139,103.0,2024-11-04 23:13:01+00:00,2024-12-04 02:23:42+00:00
145,0.0309,0.0338,86.0,2024-11-04 04:19:14+00:00,2024-12-03 02:26:21+00:00
146,0.1149,0.0,88.0,2024-11-05 04:29:00+00:00,2024-12-02 18:18:44+00:00
147,0.0355,0.0,98.0,2024-11-04 20:27:08+00:00,2024-12-03 16:15:24+00:00
148,0.0907,0.0345,98.0,2024-11-04 16:22:53+00:00,2024-12-04 03:18:45+00:00
149,0.0132,0.1343,90.0,2024-11-04 04:24:08+00:00,2024-12-03 22:19:45+00:00
150,0.0582,0.0159,101.0,2024-11-04 20:43:20+00:00,2024-12-04 04:11:32+00:00
151,0.0757,0.0286,103.0,2024-11-04 22:32:01+00:00,2024-12-02 15:45:59+00:00
152,-0.0232,0.2553,99.0,2024-11-04 06:47:18+00:00,2024-11-26 03:47:10+00:00
153,-0.0143,0.1187,136.0,2024-11-04 04:32:13+00:00,2024-12-03 08:23:05+00:00
154,0.015,0.0841,93.0,2024-11-04 07:11:51+00:00,2024-12-03 05:41:36+00:00
155,0.018,0.0365,221.0,2024-11-06 00:12:30+00:00,2024-12-04 03:59:29+00:00
156,0.0162,0.0377,171.0,2024-11-04 04:23:22+00:00,2024-12-03 13:53:01+00:00
157,-0.0032,0.028,198.0,2024-11-04 04:18:06+00:00,2024-12-03 17:37:21+00:00
158,0.0111,0.0499,172.0,2024-11-15 22:11:34+00:00,2024-12-03 22:08:00+00:00
159,0.0556,0.0,116.0,2024-11-04 20:32:19+00:00,2024-12-03 10:26:56+00:00
160,0.0244,0.0393,136.0,2024-11-04 05:24:32+00:00,2024-12-03 00:47:04+00:00
161,0.0161,0.0596,221.0,2024-11-04 05:30:36+00:00,2024-12-03 04:56:38+00:00
162,0.0013,0.0202,203.0,2024-11-04 04:49:33+00:00,2024-12-02 23:30:41+00:00
163,0.0008,0.0436,168.0,2024-11-13 20:33:36+00:00,2024-12-03 20:57:46+00:00
164,0.0312,0.0611,110.0,2024-11-04 06:54:00+00:00,2024-12-04 03:55:54+00:00
165,0.0473,0.0,114.0,2024-11-04 06:16:25+00:00,2024-12-04 01:06:13+00:00
166,0.0497,0.0156,95.0,2024-11-04 13:50:51+00:00,2024-12-04 02:42:37+00:00
167,0.0446,0.0417,169.0,2024-11-04 11:44:26+00:00,2024-11-27 04:37:31+00:00
168,0.0497,0.0612,,2024-11-04 06:07:14+00:00,2024-12-04 00:44:35+00:00
169,0.1141,0.0,117.0,2024-11-04 05:45:05+00:00,2024-12-03 20:29:10+00:00
170,0.0361,0.0366,95.0,2024-11-04 04:27:56+00:00,2024-12-04 03:28:28+00:00
171,0.0144,0.03,97.0,2024-11-04 19:09:31+00:00,2024-12-01 09:50:31+00:00
172,0.0172,0.1831,97.0,2024-11-04 15:11:47+00:00,2024-12-02 15:50:30+00:00
173,0.1366,0.0,185.0,2024-11-18 23:53:02+00:00,2024-11-19 16:11:57+00:00
174,0.0305,0.0407,101.0,2024-11-04 04:32:38+00:00,2024-12-03 15:49:05+00:00
175,0.0188,0.0484,114.0,2024-11-04 04:31:52+00:00,2024-12-03 03:29:45+00:00
176,0.0236,0.0239,,2024-11-14 20:53:53+00:00,2024-12-04 04:02:45+00:00
177,0.0227,0.027,104.0,2024-11-05 03:27:12+00:00,2024-12-03 06:01:27+00:00
178,0.0924,0.0435,98.0,2024-11-04 18:45:09+00:00,2024-12-03 22:00:57+00:00
179,0.0976,0.0,,2024-11-05 07:30:15+00:00,2024-12-02 20:21:57+00:00
180,-0.0658,0.0,97.0,2024-11-04 15:54:32+00:00,2024-12-04 03:38:30+00:00
181,0.0141,0.0596,78.0,2024-11-04 04:48:27+00:00,2024-12-03 12:59:31+00:00
182,0.0187,0.0189,102.0,2024-11-04 05:14:16+00:00,2024-11-30 03:27:25+00:00
183,0.0216,0.0455,133.0,2024-11-04 12:31:15+00:00,2024-12-03 06:42:37+00:00
184,0.0482,0.0331,,2024-11-04 15:53:58+00:00,2024-12-02 22:16:45+00:00
185,0.0763,0.0323,128.0,2024-11-04 14:02:21+00:00,2024-12-04 03:15:12+00:00
186,0.0629,0.0135,187.0,2024-11-04 13:39:07+00:00,2024-11-30 02:03:13+00:00
187,0.04,0.041,122.0,2024-11-04 04:53:46+00:00,2024-12-03 20:36:21+00:00
188,0.0589,0.0077,108.0,2024-11-04 15:33:30+00:00,2024-12-03 04:55:40+00:00
189,0.0254,0.0227,101.0,2024-11-04 12:00:25+00:00,2024-12-04 00:46:05+00:00
190,0.0745,0.0192,98.0,2024-11-04 21:50:48+00:00,2024-12-03 18:44:52+00:00
191,0.03,0.0337,106.0,2024-11-04 05:13:25+00:00,2024-12-04 00:32:03+00:00
192,0.0389,0.0222,123.0,2024-11-04 12:09:22+00:00,2024-12-03 09:18:07+00:00
193,0.0667,0.0,134.0,2024-11-04 18:37:55+00:00,2024-12-02 16:30:24+00:00
194,0.0218,0.0,100.0,2024-11-04 15:47:12+00:00,2024-11-15 02:19:34+00:00
195,0.0076,0.0,128.0,2024-11-04 22:12:35+00:00,2024-11-30 23:56:08+00:00
196,0.0508,0.0335,108.0,2024-11-04 04:32:45+00:00,2024-12-01 22:20:11+00:00
197,0.0233,0.0,109.0,2024-11-04 18:56:42+00:00,2024-12-04 02:20:17+00:00
198,0.0121,0.0169,98.0,2024-11-04 23:59:19+00:00,2024-12-03 04:59:12+00:00
199,0.0248,0.0494,115.0,2024-11-04 07:23:02+00:00,2024-12-02 20:13:21+00:00
200,0.0395,0.0127,88.0,2024-11-04 06:46:27+00:00,2024-12-03 15:02:56+00:00
201,0.0225,0.0,94.0,2024-11-04 14:35:32+00:00,2024-12-04 04:09:26+00:00
202,0.0544,0.037,93.0,2024-11-04 04:38:59+00:00,2024-11-17 17:47:18+00:00
203,-0.001,0.0889,92.0,2024-11-04 05:15:25+00:00,2024-12-03 18:32:51+00:00
204,0.028,0.0364,102.0,2024-11-04 11:48:48+00:00,2024-12-03 23:06:23+00:00
205,0.041,0.0459,95.0,2024-11-04 15:27:52+00:00,2024-12-04 01:06:38+00:00
206,0.0308,0.0667,89.0,2024-11-04 05:48:36+00:00,2024-12-03 07:52:07+00:00
207,0.0282,0.1047,90.0,2024-11-04 12:17:19+00:00,2024-11-30 19:21:53+00:00
208,0.0394,0.031,172.0,2024-11-04 08:32:35+00:00,2024-12-04 02:35:10+00:00
209,0.0776,0.004,100.0,2024-11-04 11:49:02+00:00,2024-12-03 21:33:20+00:00
210,0.0234,0.0283,107.0,2024-11-04 13:58:41+00:00,2024-12-03 10:51:14+00:00
211,0.0197,0.0368,89.0,2024-11-04 17:55:01+00:00,2024-12-04 03:22:30+00:00
212,0.0569,0.0453,120.0,2024-11-04 07:01:49+00:00,2024-12-03 04:42:53+00:00
213,0.0228,0.076,125.0,2024-11-04 04:49:07+00:00,2024-12-03 13:38:35+00:00
214,0.0308,0.0243,95.0,2024-11-04 04:57:24+00:00,2024-12-02 06:37:49+00:00
215,0.0248,0.1272,114.0,2024-11-04 04:18:59+00:00,2024-12-04 04:04:07+00:00
216,0.0383,0.0526,122.0,2024-11-04 20:10:42+00:00,2024-12-03 23:41:19+00:00
217,0.1071,0.0,124.0,2024-11-04 17:51:12+00:00,2024-12-03 20:13:39+00:00
218,-0.0126,0.08,101.0,2024-11-04 04:41:11+00:00,2024-12-01 11:20:01+00:00
219,0.0432,0.0324,119.0,2024-11-04 13:42:03+00:00,2024-12-04 03:39:17+00:00
220,0.0588,0.046,180.0,2024-11-04 06:28:23+00:00,2024-12-04 00:44:13+00:00
221,-0.0012,0.0943,98.0,2024-11-04 12:37:29+00:00,2024-12-04 04:09:37+00:00
222,-0.0258,0.1352,93.0,2024-11-04 04:37:46+00:00,2024-12-04 03:26:30+00:00
223,0.0065,0.0222,87.0,2024-11-04 20:10:30+00:00,2024-11-25 21:44:14+00:00
224,0.0435,0.0282,115.0,2024-11-04 04:37:39+00:00,2024-12-01 22:50:37+00:00
225,0.0829,0.0,93.0,2024-11-05 03:00:11+00:00,2024-12-03 03:00:12+00:00
226,-0.0168,0.069,114.0,2024-11-04 16:54:00+00:00,2024-12-03 02:57:44+00:00
227,0.075,0.0377,108.0,2024-11-04 05:38:42+00:00,2024-11-29 05:00:34+00:00
228,0.0969,0.0,,2024-11-04 05:04:37+00:00,2024-12-04 03:19:58+00:00
229,0.0281,0.0078,108.0,2024-11-04 05:32:19+00:00,2024-11-27 04:09:12+00:00
230,0.0145,0.0247,114.0,2024-11-04 14:35:42+00:00,2024-12-02 21:49:43+00:00
231,0.034,0.0217,114.0,2024-11-04 09:14:09+00:00,2024-11-28 20:40:02+00:00
232,0.0283,0.0341,90.0,2024-11-04 16:21:07+00:00,2024-11-25 02:37:37+00:00
233,0.0699,0.0317,84.0,2024-11-04 18:26:57+00:00,2024-11-25 14:45:17+00:00
234,0.039,0.0691,122.0,2024-11-11 20:31:56+00:00,2024-12-04 02:56:28+00:00
235,0.0,0.0,94.0,2024-11-25 02:08:58+00:00,2024-11-25 02:08:58+00:00
236,0.0266,0.0,86.0,2024-11-04 14:39:07+00:00,2024-12-03 02:54:15+00:00
237,0.008,0.0213,138.0,2024-11-04 06:19:01+00:00,2024-12-01 07:22:16+00:00
238,0.0654,0.0,99.0,2024-11-05 04:17:29+00:00,2024-12-03 23:08:28+00:00
239,-0.0011,0.1487,98.0,2024-11-04 05:06:45+00:00,2024-12-04 01:39:45+00:00
240,0.0708,0.0,123.0,2024-11-04 18:06:45+00:00,2024-11-28 10:24:06+00:00
241,0.0795,0.0435,114.0,2024-11-04 16:57:30+00:00,2024-11-15 11:21:56+00:00
242,0.0457,0.0,112.0,2024-11-05 00:53:58+00:00,2024-11-20 15:56:41+00:00
243,0.0214,0.1152,114.0,2024-11-04 04:41:39+00:00,2024-12-03 19:54:06+00:00
