university,post_count
1,65
2,408
3,89
4,30
5,216
6,48
7,48
8,214
9,54
10,537
11,19
12,22
13,34
14,44
15,28
16,132
17,169
18,30
19,33
20,434
21,405
22,84
23,371
24,22
25,52
26,38
27,254
28,164
29,70
30,18
31,366
32,98
33,33
34,16
35,261
36,301
37,42
38,66
39,130
40,58
41,35
42,67
43,55
44,24
45,181
46,198
47,56
48,12
49,261
50,200
51,28
52,409
53,12
54,32
55,19
56,24
57,100
58,26
59,23
60,99
61,90
62,36
63,76
64,6
65,271
66,38
67,44
68,60
69,147
70,22
71,8
72,22
73,28
74,279
75,38
76,24
77,7
78,36
79,11
80,205
81,349
82,350
83,565
84,65
85,26
86,95
87,448
88,16
89,36
90,44
91,147
92,385
93,31
94,37
95,741
96,62
97,17
98,185
99,3
100,66
101,24
102,201
103,132
104,266
105,9
106,81
107,42
108,87
109,39
110,846
111,48
112,261
113,791
114,11
115,141
116,179
117,41
118,4
119,76
120,12
121,24
122,67
123,72
124,533
125,58
126,44
127,22
128,63
129,35
130,416
131,822
132,664
133,787
134,862
135,37
136,382
137,849
138,403
139,347
140,819
141,78
142,128
143,120
144,196
145,50
146,765
147,100
148,2
149,590
150,351
151,838
152,37
153,23
154,27
155,24
156,505
157,159
158,302
159,31
160,74
161,585
162,390
163,44
164,52
165,297
166,90
167,10
168,17
169,23
170,179
171,19
172,59
173,243
174,79
175,121
176,551
177,165
178,218
179,45
180,249
181,495
182,290
183,163
184,706
185,342
186,247
187,76
188,35
189,125
190,261
191,244
192,355
193,38
194,29
195,53
196,21
197,128
198,283
199,92
200,88
201,63
202,60
203,810
204,1
205,22
206,188
207,12
208,23
209,28
